[
  {
    "question": 0,
    "x": 43,
    "y": 386,
    "page_no": 33
  },
  {
    "question": 1,
    "x": 43,
    "y": 162,
    "page_no": 2
  },
  {
    "question": 2,
    "x": 43,
    "y": 347,
    "page_no": 2
  },
  {
    "question": 3,
    "x": 43,
    "y": 563,
    "page_no": 2
  },
  {
    "question": 4,
    "x": 43,
    "y": 58,
    "page_no": 3
  },
  {
    "question": 5,
    "x": 43,
    "y": 275,
    "page_no": 3
  },
  {
    "question": 6,
    "x": 43,
    "y": 488,
    "page_no": 3
  },
  {
    "question": 7,
    "x": 43,
    "y": 58,
    "page_no": 4
  },
  {
    "question": 8,
    "x": 43,
    "y": 263,
    "page_no": 4
  },
  {
    "question": 9,
    "x": 43,
    "y": 467,
    "page_no": 4
  },
  {
    "question": 10,
    "x": 43,
    "y": 58,
    "page_no": 5
  },
  {
    "question": 11,
    "x": 43,
    "y": 110,
    "page_no": 6
  },
  {
    "question": 12,
    "x": 43,
    "y": 58,
    "page_no": 7
  },
  {
    "question": 13,
    "x": 43,
    "y": 58,
    "page_no": 8
  },
  {
    "question": 15,
    "x": 43,
    "y": 58,
    "page_no": 10
  },
  {
    "question": 16,
    "x": 43,
    "y": 58,
    "page_no": 12
  },
  {
    "question": 17,
    "x": 43,
    "y": 58,
    "page_no": 16
  },
  {
    "question": 18,
    "x": 43,
    "y": 58,
    "page_no": 19
  },
  {
    "question": 19,
    "x": 43,
    "y": 58,
    "page_no": 22
  },
  {
    "question": 20,
    "x": 43,
    "y": 58,
    "page_no": 25
  },
  {
    "coords_wrt_width": 1359,
    "coords_wrt_height": 1873,
    "no_of_pages": 36,
    "dpi": 150
  }
]