[
  {
    "question": 1,
    "x": 43,
    "y": 170,
    "page_no": 2
  },
  {
    "question": 2,
    "x": 43,
    "y": 587,
    "page_no": 2
  },
  {
    "question": 3,
    "x": 43,
    "y": 58,
    "page_no": 3
  },
  {
    "question": 4,
    "x": 43,
    "y": 587,
    "page_no": 3
  },
  {
    "question": 5,
    "x": 43,
    "y": 58,
    "page_no": 4
  },
  {
    "question": 6,
    "x": 43,
    "y": 58,
    "page_no": 5
  },
  {
    "question": 7,
    "x": 43,
    "y": 371,
    "page_no": 5
  },
  {
    "question": 8,
    "x": 43,
    "y": 58,
    "page_no": 6
  },
  {
    "question": 9,
    "x": 43,
    "y": 323,
    "page_no": 6
  },
  {
    "question": 10,
    "x": 43,
    "y": 58,
    "page_no": 7
  },
  {
    "question": 11,
    "x": 43,
    "y": 114,
    "page_no": 8
  },
  {
    "question": 12,
    "x": 43,
    "y": 58,
    "page_no": 9
  },
  {
    "question": 13,
    "x": 43,
    "y": 58,
    "page_no": 10
  },
  {
    "question": 14,
    "x": 43,
    "y": 58,
    "page_no": 11
  },
  {
    "question": 15,
    "x": 43,
    "y": 58,
    "page_no": 13
  },
  {
    "question": 16,
    "x": 43,
    "y": 58,
    "page_no": 17
  },
  {
    "question": 17,
    "x": 43,
    "y": 58,
    "page_no": 20
  },
  {
    "question": 18,
    "x": 43,
    "y": 58,
    "page_no": 23
  },
  {
    "coords_wrt_width": 1359,
    "coords_wrt_height": 1873,
    "no_of_pages": 32,
    "dpi": 150
  }
]