[
  {
    "question": 1,
    "x": 43,
    "y": 153,
    "page_no": 2
  },
  {
    "question": 2,
    "x": 43,
    "y": 345,
    "page_no": 2
  },
  {
    "question": 3,
    "x": 43,
    "y": 60,
    "page_no": 3
  },
  {
    "question": 4,
    "x": 43,
    "y": 343,
    "page_no": 3
  },
  {
    "question": 5,
    "x": 43,
    "y": 58,
    "page_no": 4
  },
  {
    "question": 6,
    "x": 43,
    "y": 58,
    "page_no": 5
  },
  {
    "question": 7,
    "x": 43,
    "y": 58,
    "page_no": 6
  },
  {
    "question": 8,
    "x": 43,
    "y": 58,
    "page_no": 7
  },
  {
    "question": 9,
    "x": 43,
    "y": 344,
    "page_no": 7
  },
  {
    "question": 10,
    "x": 43,
    "y": 58,
    "page_no": 8
  },
  {
    "question": 11,
    "x": 43,
    "y": 115,
    "page_no": 9
  },
  {
    "question": 12,
    "x": 43,
    "y": 58,
    "page_no": 10
  },
  {
    "question": 13,
    "x": 43,
    "y": 58,
    "page_no": 12
  },
  {
    "question": 14,
    "x": 43,
    "y": 58,
    "page_no": 15
  },
  {
    "question": 15,
    "x": 43,
    "y": 58,
    "page_no": 18
  },
  {
    "question": 16,
    "x": 43,
    "y": 58,
    "page_no": 20
  },
  {
    "question": 17,
    "x": 43,
    "y": 58,
    "page_no": 23
  },
  {
    "question": 18,
    "x": 43,
    "y": 58,
    "page_no": 26
  },
  {
    "question": 19,
    "x": 43,
    "y": 58,
    "page_no": 30
  },
  {
    "coords_wrt_width": 1359,
    "coords_wrt_height": 1873,
    "no_of_pages": 36,
    "dpi": 150
  }
]