[
  {
    "question": 1,
    "x": 43,
    "y": 162,
    "page_no": 2
  },
  {
    "question": 2,
    "x": 43,
    "y": 345,
    "page_no": 2
  },
  {
    "question": 3,
    "x": 43,
    "y": 537,
    "page_no": 2
  },
  {
    "question": 4,
    "x": 43,
    "y": 58,
    "page_no": 3
  },
  {
    "question": 5,
    "x": 43,
    "y": 213,
    "page_no": 3
  },
  {
    "question": 6,
    "x": 43,
    "y": 381,
    "page_no": 3
  },
  {
    "question": 7,
    "x": 43,
    "y": 58,
    "page_no": 4
  },
  {
    "question": 8,
    "x": 43,
    "y": 379,
    "page_no": 4
  },
  {
    "question": 9,
    "x": 43,
    "y": 58,
    "page_no": 5
  },
  {
    "question": 10,
    "x": 43,
    "y": 237,
    "page_no": 5
  },
  {
    "question": 11,
    "x": 43,
    "y": 110,
    "page_no": 6
  },
  {
    "question": 12,
    "x": 43,
    "y": 60,
    "page_no": 7
  },
  {
    "question": 13,
    "x": 43,
    "y": 58,
    "page_no": 8
  },
  {
    "question": 14,
    "x": 43,
    "y": 58,
    "page_no": 9
  },
  {
    "question": 15,
    "x": 43,
    "y": 58,
    "page_no": 10
  },
  {
    "question": 17,
    "x": 43,
    "y": 58,
    "page_no": 14
  },
  {
    "question": 18,
    "x": 43,
    "y": 58,
    "page_no": 16
  },
  {
    "question": 19,
    "x": 43,
    "y": 58,
    "page_no": 18
  },
  {
    "question": 20,
    "x": 43,
    "y": 58,
    "page_no": 20
  },
  {
    "question": 21,
    "x": 43,
    "y": 58,
    "page_no": 24
  },
  {
    "question": 22,
    "x": 43,
    "y": 56,
    "page_no": 26
  },
  {
    "coords_wrt_width": 1359,
    "coords_wrt_height": 1873,
    "no_of_pages": 36,
    "dpi": 150
  }
]