[
  {
    "question": 2,
    "x": 52,
    "y": 798,
    "page_no": 2
  },
  {
    "question": 4,
    "x": 52,
    "y": 798,
    "page_no": 4
  },
  {
    "question": 6,
    "x": 52,
    "y": 798,
    "page_no": 6
  },
  {
    "question": 8,
    "x": 52,
    "y": 798,
    "page_no": 8
  },
  {
    "question": 10,
    "x": 49,
    "y": 798,
    "page_no": 10
  },
  {
    "question": 12,
    "x": 49,
    "y": 798,
    "page_no": 12
  },
  {
    "question": 14,
    "x": 49,
    "y": 798,
    "page_no": 14
  },
  {
    "question": 16,
    "x": 49,
    "y": 798,
    "page_no": 16
  },
  {
    "question": 18,
    "x": 49,
    "y": 798,
    "page_no": 18
  },
  {
    "question": 20,
    "x": 49,
    "y": 798,
    "page_no": 20
  },
  {
    "coords_wrt_width": 1359,
    "coords_wrt_height": 1873,
    "no_of_pages": 20,
    "dpi": 150
  }
]