[
  {
    "question": 1,
    "x": 42,
    "y": 169,
    "page_no": 2
  },
  {
    "question": 2,
    "x": 42,
    "y": 352,
    "page_no": 2
  },
  {
    "question": 3,
    "x": 42,
    "y": 564,
    "page_no": 2
  },
  {
    "question": 4,
    "x": 42,
    "y": 60,
    "page_no": 3
  },
  {
    "question": 5,
    "x": 42,
    "y": 60,
    "page_no": 4
  },
  {
    "question": 6,
    "x": 42,
    "y": 336,
    "page_no": 4
  },
  {
    "question": 7,
    "x": 42,
    "y": 60,
    "page_no": 5
  },
  {
    "question": 8,
    "x": 42,
    "y": 363,
    "page_no": 5
  },
  {
    "question": 9,
    "x": 42,
    "y": 60,
    "page_no": 6
  },
  {
    "question": 10,
    "x": 42,
    "y": 60,
    "page_no": 7
  },
  {
    "question": 11,
    "x": 42,
    "y": 116,
    "page_no": 8
  },
  {
    "question": 12,
    "x": 42,
    "y": 60,
    "page_no": 9
  },
  {
    "question": 13,
    "x": 42,
    "y": 60,
    "page_no": 10
  },
  {
    "question": 14,
    "x": 42,
    "y": 60,
    "page_no": 12
  },
  {
    "question": 15,
    "x": 42,
    "y": 60,
    "page_no": 15
  },
  {
    "question": 16,
    "x": 42,
    "y": 60,
    "page_no": 16
  },
  {
    "question": 17,
    "x": 42,
    "y": 60,
    "page_no": 18
  },
  {
    "question": 18,
    "x": 42,
    "y": 60,
    "page_no": 20
  },
  {
    "question": 19,
    "x": 42,
    "y": 60,
    "page_no": 23
  },
  {
    "coords_wrt_width": 1241,
    "coords_wrt_height": 1755,
    "no_of_pages": 28,
    "dpi": 150
  }
]