[
  {
    "question": 1,
    "x": 43,
    "y": 170,
    "page_no": 2
  },
  {
    "question": 2,
    "x": 43,
    "y": 382,
    "page_no": 2
  },
  {
    "question": 4,
    "x": 43,
    "y": 58,
    "page_no": 3
  },
  {
    "question": 5,
    "x": 43,
    "y": 454,
    "page_no": 3
  },
  {
    "question": 6,
    "x": 43,
    "y": 58,
    "page_no": 4
  },
  {
    "question": 7,
    "x": 43,
    "y": 262,
    "page_no": 4
  },
  {
    "question": 8,
    "x": 43,
    "y": 58,
    "page_no": 5
  },
  {
    "question": 9,
    "x": 43,
    "y": 246,
    "page_no": 5
  },
  {
    "question": 11,
    "x": 43,
    "y": 114,
    "page_no": 6
  },
  {
    "question": 12,
    "x": 43,
    "y": 58,
    "page_no": 8
  },
  {
    "question": 14,
    "x": 43,
    "y": 58,
    "page_no": 10
  },
  {
    "question": 15,
    "x": 43,
    "y": 58,
    "page_no": 12
  },
  {
    "question": 16,
    "x": 43,
    "y": 58,
    "page_no": 14
  },
  {
    "question": 17,
    "x": 43,
    "y": 58,
    "page_no": 16
  },
  {
    "question": 18,
    "x": 43,
    "y": 58,
    "page_no": 18
  },
  {
    "coords_wrt_width": 1359,
    "coords_wrt_height": 1873,
    "no_of_pages": 24,
    "dpi": 150
  }
]