[
  {
    "question": 0,
    "x": 43,
    "y": 358,
    "page_no": 29
  },
  {
    "question": 1,
    "x": 43,
    "y": 164,
    "page_no": 2
  },
  {
    "question": 2,
    "x": 43,
    "y": 368,
    "page_no": 2
  },
  {
    "question": 3,
    "x": 43,
    "y": 563,
    "page_no": 2
  },
  {
    "question": 4,
    "x": 43,
    "y": 58,
    "page_no": 3
  },
  {
    "question": 5,
    "x": 43,
    "y": 239,
    "page_no": 3
  },
  {
    "question": 6,
    "x": 43,
    "y": 486,
    "page_no": 3
  },
  {
    "question": 7,
    "x": 43,
    "y": 58,
    "page_no": 4
  },
  {
    "question": 8,
    "x": 43,
    "y": 311,
    "page_no": 4
  },
  {
    "question": 9,
    "x": 43,
    "y": 58,
    "page_no": 5
  },
  {
    "question": 10,
    "x": 43,
    "y": 307,
    "page_no": 5
  },
  {
    "question": 11,
    "x": 43,
    "y": 114,
    "page_no": 6
  },
  {
    "question": 12,
    "x": 43,
    "y": 58,
    "page_no": 8
  },
  {
    "question": 13,
    "x": 43,
    "y": 58,
    "page_no": 9
  },
  {
    "question": 14,
    "x": 43,
    "y": 58,
    "page_no": 10
  },
  {
    "question": 15,
    "x": 43,
    "y": 58,
    "page_no": 12
  },
  {
    "question": 16,
    "x": 43,
    "y": 58,
    "page_no": 14
  },
  {
    "question": 17,
    "x": 43,
    "y": 58,
    "page_no": 16
  },
  {
    "question": 18,
    "x": 43,
    "y": 58,
    "page_no": 18
  },
  {
    "question": 19,
    "x": 43,
    "y": 58,
    "page_no": 20
  },
  {
    "question": 20,
    "x": 43,
    "y": 456,
    "page_no": 27
  },
  {
    "question": 21,
    "x": 43,
    "y": 644,
    "page_no": 27
  },
  {
    "coords_wrt_width": 1359,
    "coords_wrt_height": 1873,
    "no_of_pages": 32,
    "dpi": 150
  }
]